URL,Email,Source,"Pages Vérifiées"
http://balthusaccordsdivins.fr/,balthus.accordsdivins@gmail.com,http://balthusaccordsdivins.fr/,1
http://debocollection.com/,contact@debocollection.com,http://debocollection.com/,1
http://www.agathetcolette.com/,agathetcolette@gmail.com,http://www.agathetcolette.com/,1
http://www.agathetcolette.com/,artemisia@wanadoo.fr,http://www.agathetcolette.com/,1
http://www.le-mariage-des-marioche.fr/,blandine.deroche@gmail.com,http://www.le-mariage-des-marioche.fr/,1
http://www.loveisfresh.com/a-propos-de-la-blogueuse/,"(aucun email)",,18
https://adeuxmains-events.fr/a-propos/,helloadeuxmains@gmail.com,https://adeuxmains-events.fr/a-propos/,1
https://aeternam-event.com/,hello@aeternam-event.com,https://aeternam-event.com/,1
https://alice-marty.com/,hello@alice-marty.com,https://alice-marty.com/,1
https://ambrosinoalisea.fr/,"(aucun email)",,16
https://ameleventparis.fr/,contact@ameleventparis.com,https://ameleventparis.fr/contact/,3
https://ameleventparis.fr/,recrutementameleventparis@gmail.com,https://ameleventparis.fr/contact/,3
https://ameliedwedding.com/,contact@ameliedwedding.com,https://ameliedwedding.com/contact/,2
https://aneiaevents.com/,hello@aneiaevents.com,https://aneiaevents.com/,1
https://angegimenez.com/,"(aucun email)",,17
https://aromatique-fleuriste.com/publications/,aromatiquefleuriste@gmail.com,https://aromatique-fleuriste.com/publications/,1
https://artmaniafleur.fr/,artmaniafleur@gmail.com,https://artmaniafleur.fr/contact/,2
https://atelier-julie-bihler.fr/presse/,"(aucun email)",,15
https://audreycarnoy.fr/,"(aucun email)",,17
https://augustine-mariagealacampagne.fr/,hellovillaaugustine@gmail.com,https://augustine-mariagealacampagne.fr/contact-location-domaine/,2
https://aymee.com/collections/collection-chaussure-mariage,"(aucun email)",,17
https://belesprit.fr/,belesprit.photographie@gmail.com,https://belesprit.fr/,1
https://belleaurorebijoux.com/,info@belleaurore.fr,https://belleaurorebijoux.com/pages/contact,2
https://belleaurorebijoux.com/pages/a-propos,info@belleaurore.fr,https://belleaurorebijoux.com/pages/contact,2
https://blushfashion.boutique/pages/featured-in,support@blushfashion.boutique,https://blushfashion.boutique/pages/about,3
https://boldaslove-weddings.fr/,hello@boldaslove-weddings.fr,https://boldaslove-weddings.fr/,1
https://boumetc.fr/,melanie@boumetc.fr,https://boumetc.fr/,1
https://boumetc.fr/,hello@boumetc.fr,https://boumetc.fr/,1
https://brindevanille.fr/,brindevanillepatisserie@gmail.com,https://brindevanille.fr/,1
https://bulledevie.net/,"(aucun email)",,15
https://bullesetconfettis.fr/,contact@bullesetconfettis.fr,https://bullesetconfettis.fr/,1
https://burdimilion.com/,contact.burdimilion@gmail.com,https://burdimilion.com/contact-ceremonie-laique-mariage-bordeaux/,2
https://charlotteviguier.fr/,unpetitmot@charlotteviguier.fr,https://charlotteviguier.fr/contact-reservation/,2
https://charlotteviguier.fr/,example@mail.com,https://charlotteviguier.fr/contact-reservation/,2
https://chateaudefajac.com/,contact.chateaufajac@gmail.com,https://chateaudefajac.com/contact/,2
https://cheveuxdange.webnode.fr/,cheveuxdange66@gmail.com,https://cheveuxdange.webnode.fr/,1
https://cheveuxdange.webnode.fr/,u0022cheveuxdange66@gmail.com,https://cheveuxdange.webnode.fr/,1
https://citronpavot-traiteur.com/,"(aucun email)",,17
https://claramartignyphotographie.fr/,claramartigny.photographie@gmail.com,https://claramartignyphotographie.fr/,1
https://clemencegadot.com/index.php/publications/,"(erreur: HTTP 404)",,15
https://cmeventcoaching.com/,"(aucun email)",,15
https://corneloup-paris.fr/,contact@corneloup-paris.fr,https://corneloup-paris.fr/,1
https://cymbeline.com/revuedepresse/la-soeur-de-la-mariee-fevrier-2024/,contact@cymbeline.com,https://cymbeline.com/contact/,2
https://cymbeline.com/revuedepresse/la-soeur-de-la-mariee-fevrier-2024/,human.ressources@cymbeline.com,https://cymbeline.com/contact/,2
https://damouretdevenements.fr/,contact@damouretdevenements.fr,https://damouretdevenements.fr/contact/,2
https://dansetousstyles.be/,infos@dansetousstyles.com,https://dansetousstyles.be/contact/,2
https://delamour-danslair.com/,delamourdanslair.evenements@gmail.com,https://delamour-danslair.com/,1
https://delphineclosse.com/,"(erreur: Could not resolve host: delphineclosse.com)",,15
https://ecumeevents.com/en/home/,justinelegall@ecumeevents.com,https://ecumeevents.com/en/home/,1
https://effetnoeudpap.com/pages/on-parle-de-nous,effetnoeudpap@gmail.com,https://effetnoeudpap.com/pages/on-parle-de-nous,1
https://eirinphotography.com/en/,contact@eirinphotography.com,https://eirinphotography.com/en/,1
https://eleonoregarat.fr/,"(aucun email)",,15
https://elsagary.fr/,atelier.elsagary@gmail.com,https://elsagary.fr/,1
https://elvengardenflower.fr/,"(aucun email)",,15
https://encre-les-lignes.fr/,"(aucun email)",,15
https://enjoy-evenements.fr/,contact@enjoy-evenements.fr,https://enjoy-evenements.fr/,1
https://enpetitcomite76.fr/mes-realisations-266/,"(aucun email)",,16
https://etsionsemariait.com/,contact@etsionsemariait.com,https://etsionsemariait.com/,1
https://evamartinez.fr/,evamartinez.photographe@gmail.com,https://evamartinez.fr/,1
https://evjf.org/my-evjf-presse/,contact@my-evjf.com,https://evjf.org/contact/,2
https://evjf.org/my-evjf-presse/,contact@myevjf.fr,https://evjf.org/contact/,2
https://faire-part-selection.fr/,"(aucun email)",,16
https://fannycalligraphie.com/presse/,fannycalligraphie@gmail.com,https://fannycalligraphie.com/presse/,1
https://gael-hidalgo.com/,info@ndiscovered.com,https://gael-hidalgo.com/,1
https://gael-hidalgo.com/,amkryukov@gmail.com,https://gael-hidalgo.com/,1
https://gael-hidalgo.com/,matt@pixelspread.com,https://gael-hidalgo.com/,1
https://gael-hidalgo.com/,impallari@gmail.com,https://gael-hidalgo.com/,1
https://gael-hidalgo.com/,hello@rfuenzalida.com,https://gael-hidalgo.com/,1
https://harmoniephotography.fr/infos/,harmoniephotographyparis@gmail.com,https://harmoniephotography.fr/contact/,2
https://hocdie.com/wedding-planner-toulouse/,"(erreur: Could not resolve host: hocdie.com)",,15
https://idyle-weddingplanner.com/,idyle.weddingplanner@gmail.com,https://idyle-weddingplanner.com/contact-rendez-vous-decouverte/,2
https://ilkeys.fr/,"(erreur: HTTP 403)",,15
https://imaginaridesign.fr/,contact@imaginaridesign.fr,https://imaginaridesign.fr/,1
https://ingridthierry.fr/,"(aucun email)",,15
https://insiemeceremonies.com/,insieme.qoya@gmail.com,https://insiemeceremonies.com/,1
https://instant-cocktail.com/,contact.instantcocktail@gmail.com,https://instant-cocktail.com/,1
https://izii-inspirationsjolies.com/parutions-presse/,charlotte@izii-inspirationsjolies.com,https://izii-inspirationsjolies.com/contact/,2
https://jourjetcie.com/,contact@jourjetcie.com,https://jourjetcie.com/,1
https://kaligrafia.fr/,contact.kaligrafia@gmail.com,https://kaligrafia.fr/contact-kaligrafia/,3
https://katerynaphotos.com/a-propos/,skateryna@ymail.com,https://katerynaphotos.com/contact/,2
https://kywwiefilms.fr/,kywwie.graphisme@gmail.com,https://kywwiefilms.fr/,1
https://la-reine-rit.com/,lareinerit@gmail.com,https://la-reine-rit.com/,1
https://la-seve.fr/a-propos/,"(aucun email)",,16
https://lacasaflorale.fr/,lepanierderachel@gmail.com,https://lacasaflorale.fr/,1
https://ladum-atelier.com/odelia-maxime,ladumatelier@gmail.com,https://ladum-atelier.com/contact,2
https://lafabriqueasachets.com/espace-presse-partenariats/,presse@lafabriqueasachets.com,https://lafabriqueasachets.com/espace-presse-partenariats/,1
https://lafabriquedesinstants.com/,hello@lafabriquedesinstants.com,https://lafabriquedesinstants.com/contact/,2
https://lamaisonchanteclair.fr/,contact@lamaisonchanteclair.fr,https://lamaisonchanteclair.fr/,1
https://lanadra.co/,hello@lanadra.co,https://lanadra.co/,1
https://lapetiteetincelleevent.fr/,lucie@lapetiteetincelleevent.fr,https://lapetiteetincelleevent.fr/,1
https://lapieceur.com/,contact@lapieceur.com,https://lapieceur.com/,1
https://lartquipousse.com/presse/,contact@lartquipousse.com,https://lartquipousse.com/contact-fleuriste-sanary/,2
https://latelierbleuet.com/,"(erreur: Could not resolve host: latelierbleuet.com)",,15
https://latelierdunsouhait.fr/2018/01/03/presse/,contact@latelierdunsouhait.fr,https://latelierdunsouhait.fr/2018/01/03/presse/,1
https://lauracbphotographie.com/,lauracbphotographie@gmail.com,https://lauracbphotographie.com/,1
https://laurajaffret.com/,reservation@laurajaffret.com,https://laurajaffret.com/contact/,3
https://lauralericheevents.com/,"(aucun email)",,15
https://lauremariage.com/,lm@lauremariage.com,https://lauremariage.com/contact,2
https://laurinebailly.fr/,laurinebailly.pro@gmail.com,https://laurinebailly.fr/contact/,3
https://lebonheurcommenceici.com/,contact@lebonheurcommenceici.com,https://lebonheurcommenceici.com/,1
https://leclosvegetal.com/,contact@leclosvegetal.com,https://leclosvegetal.com/,1
https://lejardindaudrey.com/en/event-floral-designer-in-paris/,hello@lejardindaudrey.fr,https://lejardindaudrey.com/en/event-floral-designer-in-paris/,1
https://lesjoyauxpurs.com/,contact@lesjoyauxpurs.com,https://lesjoyauxpurs.com/pages/contact,2
https://lesmariesphotographies.fr/,charlotte@lesmariesphotographies.fr,https://lesmariesphotographies.fr/contact-photographe-mariage-savoie/,2
https://lespremicesdem.fr/,"(aucun email)",,15
https://lheure-doree.fr/,contact@lheure-doree.fr,https://lheure-doree.fr/,1
https://lheure-doree.fr/,%20contact@lheure-doree.fr,https://lheure-doree.fr/,1
https://lilasboheme.fr/,pbagnpg@yvynfoburzr.se,https://lilasboheme.fr/formulaire-contact/,2
https://lorangeriedumanoir.com/,bienvenue@lorangeriedumanoir.com,https://lorangeriedumanoir.com/,1
https://loscaballerosweddings.com/,info@loscaballerosweddings.com,https://loscaballerosweddings.com/,1
https://madame-etincelle.fr/,contact@madame-etincelle.fr,https://madame-etincelle.fr/contact,2
https://mademoiselle-dit-oui.fr/,contact@mademoiselle-dit-oui.fr,https://mademoiselle-dit-oui.fr/,1
https://madeorganisation.com/,contact@madeorganisation.com,https://madeorganisation.com/,1
https://maisongelis.fr/,patisserie@maisongelis.fr,https://maisongelis.fr/,1
https://maisongelis.fr/,default@osm.org,https://maisongelis.fr/,1
https://maitebailleul.com/presse/,"(erreur: HTTP 404)",,15
https://manalparis.com/pages/presse,contact@manal.fr,https://manalparis.com/pages/presse,1
https://manalparis.com/pages/presse,contact@manalparis.com,https://manalparis.com/pages/presse,1
https://manoirsaintemarie.fr/les-partenaires/,bienvenue@manoirsaintemarie.fr,https://manoirsaintemarie.fr/les-partenaires/,1
https://mariedesaunay.fr/,contact@mariedesaunay.fr,https://mariedesaunay.fr/contact/,2
https://marielp.com/,contact@marielp.com,https://marielp.com/,1
https://marineszczepaniak.com/blog/,"(aucun email)",,16
https://masaccessoires.com/,"(aucun email)",,16
https://mathilde-marie.com/presse/,mathilde@mathilde-marie.com,https://mathilde-marie.com/contact/,3
https://mathildebphotography.com/fr,mathildebphotography@gmail.com,https://mathildebphotography.com/fr,1
https://merylmphotographie.com/,merylmontagne@hotmail.fr,https://merylmphotographie.com/,1
https://mickaelbarbier.fr/,proyectoweber+mickaelbarbier.fr@gmail.com,https://mickaelbarbier.fr/contact,2
https://mygreenevent.fr/,contact@mygreenevent.fr,https://mygreenevent.fr/,1
https://nasandcosevents.com/,dion.celine@silsuffisaitdaimer.com,https://nasandcosevents.com/contact-organisation-mariage-wedding-planners/,2
https://nasandcosevents.com/,nasandcosevents@gmail.com,https://nasandcosevents.com/contact-organisation-mariage-wedding-planners/,2
https://nicolasterraes.com/partenaires/,contact@nicolasterraes.com,https://nicolasterraes.com/partenaires/,1
https://noeldoiziphotographie.fr/a-propos-de-moi/,noeldoiziphotographie@gmail.com,https://noeldoiziphotographie.fr/a-propos-de-moi/,1
https://o-dela-des-fleurs.com/,"(aucun email)",,17
https://officiant-ceremonie.fr/temoignages-galerie/,"(aucun email)",,16
https://ohlescoeurs-deco.fr/,"(aucun email)",,17
https://ohmygirls-events.com/,contact@ohmygirls-events.com,https://ohmygirls-events.com/,1
https://organisation-dday.com/presse/,elodie@organisation-dday.com,https://organisation-dday.com/presse/,1
https://photographie.chloeldn.fr/,"(aucun email)",,16
https://pierrefrogerfilms.com/,"(aucun email)",,15
https://pierregobled.com/,contact@pierregobled.com,https://pierregobled.com/,1
https://poppyblossomphoto.fr/,"(aucun email)",,16
https://poppyetdaisy.fr/,contact@poppyetdaisy.fr,https://poppyetdaisy.fr/,1
https://promessegraphique.com/,contact@promessegraphique.com,https://promessegraphique.com/,1
https://provence-emoi.com/by-the-sea,"(aucun email)",,16
https://prune-wedding.fr/,contact@prune-wedding.fr,https://prune-wedding.fr/,1
https://recordyou.fr/,francoislescieux@gmail.com,https://recordyou.fr/contact/,3
https://renauld-photographie.com/,nicolas@renauld-photographie.com,https://renauld-photographie.com/,1
https://renauld-photographie.com/,nicolas@renauld-photographie.fr,https://renauld-photographie.com/,1
https://reveriesetbois.fr/,contact@reveriesetbois.fr,https://reveriesetbois.fr/,1
https://rosalyne-creations.fr/,"(aucun email)",,16
https://rosefushiaphotographie.com/publications/,rosefushiaphotographie@gmail.com,https://rosefushiaphotographie.com/contact/,3
https://sandra-berete.com/,"(aucun email)",,15
https://sayido.fr/,anouck@sayido.fr,https://sayido.fr/,1
https://septfevrier.com/,hello@septfevrier.com,https://septfevrier.com/contact-mariages/,2
https://silvenehedon.com/univers/on-parle-de-nous/,contact@silvenehedon.com,https://silvenehedon.com/univers/on-parle-de-nous/,1
https://soniablanc.com/revue-de-presse/,"(erreur: Operation timed out after 10000 milliseconds with 0 bytes received)",,15
https://sophie-brioudes.com/,contact@sophie-brioudes.com,https://sophie-brioudes.com/contact/,2
https://soufianezaidi.com/,info@soufianezaidi.com,https://soufianezaidi.com/,1
https://sous-le-charme.fr/,"(aucun email)",,15
https://storybyludi.fr/wedding-planner-provence/,storybyludi@gmail.com,https://storybyludi.fr/wedding-planner-provence/,1
https://streetfocus.fr/a-propos/,streetfocusphotography@gmail.com,https://streetfocus.fr/contact/,3
https://sylviacalmet.com/,contact@sylviacalmet.com,https://sylviacalmet.com/,1
https://the-quirky.com/infos/,hello@the-quirky.com,https://the-quirky.com/infos/,1
https://thememories.fr/,contact.bowandcomariage@gmail.com,https://www.pondicheri-weddings.fr/a-propos/mariage-ecoresponsable/,4
https://thewitness.fr/,"(aucun email)",,15
https://thierrynade.fr/,contact@thierrynade.fr,https://thierrynade.fr/,1
https://trentieme-etage.com/,hello@trentieme-etage.com,https://trentieme-etage.com/,1
https://tropicaliapapeterie.com/,tropicalia.papeterie@gmail.com,https://tropicaliapapeterie.com/,1
https://velvetrendezvous.fr/nos-realisations/medias/,"(aucun email)",,16
https://vincentmontagne.com/about-2/,photo@vincentmontagne.com,https://vincentmontagne.com/about-2/,1
https://vivancia-events.fr/,vivancia-events@outlook.fr,https://vivancia-events.fr/,1
https://vrsurmesure.fr/,contact@vrsurmesure.fr,https://vrsurmesure.fr/,1
https://wedays.com/blog-mariage/,wedays.event@gmail.com,https://wedays.com/blog-mariage/,1
https://whole.fr/pages/parutions-press-releases,contact@whole.fr,https://whole.fr/pages/parutions-press-releases,1
https://www.adeline-mariage.com/,jean.dupont@gmail.com,https://www.adeline-mariage.com/contact/,2
https://www.adrianamoraisphotography.com/,hello@adrianamoraisphotography.com,https://www.adrianamoraisphotography.com/,1
https://www.adrianamoraisphotography.com/,adrianamoraisphotography@gmail.com,https://www.adrianamoraisphotography.com/,1
https://www.agathehelleux.com/prestations,"(aucun email)",,15
https://www.amarildine.com/,%20hello@amarildine.com,https://www.amarildine.com/contact/,2
https://www.amethik.com/,contact@amethik.com,https://www.amethik.com/,1
https://www.ana-des-cabanasses.fr/,"(aucun email)",,15
https://www.annoncesdentelle.fr/,contact@annoncesdentelle.fr,https://www.annoncesdentelle.fr/,1
https://www.apparenceforevent.com/,apparenceforevent@gmail.com,https://www.apparenceforevent.com/,1
https://www.apres-lebip.ch/fr/,"(aucun email)",,17
https://www.artetfacts.com/actualites.html,license@prestashop.com,https://www.artetfacts.com/actualites.html,1
https://www.artetfacts.com/actualites.html,contact@prestashop.com,https://www.artetfacts.com/actualites.html,1
https://www.atelier-douceurs-caroline.fr/,"(aucun email)",,16
https://www.atelier-swan.com/,contact@atelier-swan.com,https://www.atelier-swan.com/,1
https://www.atelieralexandrafabbri.com/,contact@atelieralexandrafabbri.com,https://www.atelieralexandrafabbri.com/,1
https://www.atelierlilac.com/en/pages/a-propos,team@atelierlilac.com,https://www.atelierlilac.com/en/pages/contact,2
https://www.audreycoppee.com/,solene@qodeinteractive.com,https://www.audreycoppee.com/,1
https://www.audreyvkb.com/,"(aucun email)",,17
https://www.august-events.fr/,contact@augustevents.fr,https://www.august-events.fr/,1
https://www.aureliaprado.com/en,"(erreur: Could not resolve host: www.aureliaprado.com)",,15
https://www.aurored-photographie.fr/,"(aucun email)",,16
https://www.baptistehauville.com/,contact@baptistehauville.com,https://www.baptistehauville.com/,1
https://www.bastienanguiano.com/avis,"(aucun email)",,15
https://www.benaproduction.com/mariage/on-parle-de-nous.html,contact@benaproduction.com,https://www.benaproduction.com/mariage/on-parle-de-nous.html,1
https://www.benaproduction.com/mariage/on-parle-de-nous.html,ouriel@benaproduction.com,https://www.benaproduction.com/mariage/on-parle-de-nous.html,1
https://www.blanchefleur.com/mariages,"(aucun email)",,15
https://www.blossomevents-erika.com/,hello@blossomevents-erika.com,https://www.blossomevents-erika.com/contact1.html,3
https://www.bonjour-suzanne.fr/on-parle-de-nous/,contact@bonjour-suzanne.fr,https://www.bonjour-suzanne.fr/on-parle-de-nous/,1
https://www.borne-photo-nantes.fr/,photobooth.locations@gmail.com,https://www.borne-photo-nantes.fr/,1
https://www.c-joly.fr/,"(aucun email)",,15
https://www.camillerecolin.fr/la-presse/,"(aucun email)",,16
https://www.capturelife.fr/,contact@capturelife.fr,https://www.capturelife.fr/contact-photographe-video-mariage/,2
https://www.cecileschuhmann.com/a-propos/,"(aucun email)",,17
https://www.cejourunique.fr/,"(aucun email)",,17
https://www.celebrerlavie.com/,contact@celebrerlavie.com,https://www.celebrerlavie.com/,1
https://www.celine-ceremonies.fr/temoignages,celine.ceremonies@gmail.com,https://www.celine-ceremonies.fr/contact,2
https://www.celinezed.com/about-me/,celinezed.photo@gmail.com,https://www.celinezed.com/contact/,2
https://www.celinezed.com/about-me/,jean.dupont@gmail.com,https://www.celinezed.com/contact/,2
https://www.cesticisallealouer.com/,cestici@hotmail.com,https://www.cesticisallealouer.com/,1
https://www.charliebillie.com/,"(aucun email)",,16
https://www.charlottealaoui.com/,"(erreur: error:0A000438:SSL routines::tlsv1 alert internal error)",,15
https://www.charlottedo.fr/,contact@charlottedo.fr,https://www.charlottedo.fr/,1
https://www.chrissmartevent.fr/index.html,"(aucun email)",,15
https://www.christellevasseur.com/blogs/la-presse-parle-de-nous/collection-2018-robes-de-mariee-bordeaux,"(aucun email)",,15
https://www.cigales-petitsfours.com/,"(aucun email)",,15
https://www.clemenceduboisphotographie.com/,clemenceduboisphotographies@gmail.com,https://www.clemenceduboisphotographie.com/,1
https://www.cleolebrun.fr/,"(erreur: error:0A000410:SSL routines::sslv3 alert handshake failure)",,15
https://www.comuneorchidee.com/nos-partenaires/,contact@comuneorchidee.com,https://www.comuneorchidee.com/nos-partenaires/,1
https://www.coquelicotte.fr/,clara-dv@hotmail.fr,https://www.coquelicotte.fr/,1
https://www.coquelicotte.fr/,contact@coquelicotte.fr,https://www.coquelicotte.fr/,1
https://www.coralielescieux.com/gallery/aurea-benjamin/,coralie.lescieux@gmail.com,https://www.coralielescieux.com/contact/,2
https://www.d-we.fr/,contact@d-we.fr,https://www.d-we.fr/contact/,2
https://www.dancepolice.fr/,dancepoliceman@gmail.com,https://www.dancepolice.fr/,1
https://www.dans-ma-tribu.fr/,contact@dans-ma-tribu.fr,https://www.dans-ma-tribu.fr/nous-contacter/,3
https://www.davidone.fr/contact,"(aucun email)",,15
https://www.denuancesetdeglamour.fr/agence/,support@qodeinteractive.com,https://www.denuancesetdeglamour.fr/agence/,1
https://www.denuancesetdeglamour.fr/agence/,nadia@denuancesetdeglamour.fr,https://www.denuancesetdeglamour.fr/agence/,1
https://www.dmk-destinationart.com/,"(aucun email)",,16
https://www.domainedepetiosse.com/domaine-landes/partenaires/,contact@domainedepetiosse.com,https://www.domainedepetiosse.com/domaine-landes/partenaires/,1
https://www.dorsetdesoie.com/,"(aucun email)",,15
https://www.elielle.fr/,hello@elielle.fr,https://www.elielle.fr/,1
https://www.elisejulliard-photographies.fr/,elise.julliard@gmail.com,https://www.elisejulliard-photographies.fr/,1
https://www.elleaditoui.fr/,"(aucun email)",,15
https://www.elleetnous.com/wedding-event-planner-in-provence/,delphine@elleetnous.com,https://www.elleetnous.com/contact-wedding-planner-provence-france/,2
https://www.elleetnous.com/wedding-event-planner-in-provence/,julien@elleetnous.com,https://www.elleetnous.com/contact-wedding-planner-provence-france/,2
https://www.fannyauer.com/en/about/,contact@fannyauer.com,https://www.fannyauer.com/en/contact/,2
https://www.flore-et-zephyr.com/blogs/journal,service.client@flore-et-zephyr.com,https://www.flore-et-zephyr.com/blogs/journal,1
https://www.florentcattelain.com/,contact@florentcattelain.com,https://www.florentcattelain.com/contact/,3
https://www.florentfauqueux.fr/,"(aucun email)",,15
https://www.ganza.fr/pages/revue-de-presse,"(erreur: Could not resolve host: www.ganza.fr)",,15
https://www.graine-de-coton.com/category/dossier-presse/article-blog/,alexandra@graine-de-coton.com,https://graine-de-coton.com/horaires-et-contact/,2
https://www.gwenaellemichels.com/parutions/,contact@gwenaellemichels.com,https://www.gwenaellemichels.com/contact/,2
https://www.idea-lisa.fr/,jean.dupont@gmail.com,https://www.idea-lisa.fr/contact-idealisa/,2
https://www.idea-lisa.fr/,idealisashop@gmail.com,https://www.idea-lisa.fr/contact-idealisa/,2
https://www.instant-loc.fr/,"(aucun email)",,15
https://www.jaimemarobe.com/pages/presse,contact@jaimemarobe.com,https://www.jaimemarobe.com/pages/presse,1
https://www.jaimemarobe.com/pages/presse,retours@jaimemarobe.com,https://www.jaimemarobe.com/pages/presse,1
https://www.jerometarakci.com/,"(aucun email)",,19
https://www.jodieatelier.fr/,contact@jodieatelier.fr,https://www.jodieatelier.fr/contact/,2
https://www.joker-artifices.com/en/,contact@joker-artifices.com,https://www.joker-artifices.com/en/,1
https://www.juliecostet.com/,contact@juliecostet.com,https://www.juliecostet.com/,1
https://www.kaacouture.com/presse/,contact@kaacouture.com,https://www.kaacouture.com/presse/,1
https://www.kokoro-berlin.com/de-fr/pages/presse-veroffentlichungen,"(aucun email)",,15
https://www.lacroixdeschamps.fr/ils-parlent-de-nous/,vasb@ynpebvkqrfpunzcf.se,https://www.lacroixdeschamps.fr/ils-parlent-de-nous/,1
https://www.lafabriqueamariage.fr/,contact@www.lafabriqueamariage.fr,https://www.lafabriqueamariage.fr/,1
https://www.lafabriqueamariage.fr/,contact@lafabriqueamariage.fr,https://www.lafabriqueamariage.fr/,1
https://www.lafilleaunoeudrouge.fr/publication-web-presse-faire-part-sur-mesure-la-fille-au-noeud-rouge/,"(aucun email)",,17
https://www.larochelle-mariage.fr/,"(aucun email)",,15
https://www.latelierdhiris.fr/,contact@sepia-wedding.fr,https://www.latelierdhiris.fr/,1
https://www.latelierdhiris.fr/,chloe@latelierdhiris.fr,https://www.latelierdhiris.fr/,1
https://www.latelierdhiris.fr/videos/,contact@sepia-wedding.fr,https://www.latelierdhiris.fr/videos/,1
https://www.latelierdhiris.fr/videos/,chloe@latelierdhiris.fr,https://www.latelierdhiris.fr/videos/,1
https://www.lauraleclairdelord.com/a-propos/,contact@lauraleclairdelord.com,https://www.lauraleclairdelord.com/a-propos/,1
https://www.lauraleclairdelord.com/a-propos/,leclairdelord.laura@gmail.com,https://www.lauraleclairdelord.com/a-propos/,1
https://www.lauren-gabriele.com/,"(aucun email)",,17
https://www.laurentkapelski.com/presse,"(aucun email)",,15
https://www.lauriane-lespinasse.fr/,contact@lauriane-lespinasse.fr,https://www.lauriane-lespinasse.fr/,1
https://www.lecomptoirdubonheur.com/,contact@lecomptoirdubonheur.com,https://www.lecomptoirdubonheur.com/,1
https://www.lehangarlocations.com/,contact@lehangarlocations.com,https://www.lehangarlocations.com/,1
https://www.lesateliersdulux.fr/,contact@lesateliersdulux.fr,https://www.lesateliersdulux.fr/,1
https://www.lesbandits.fr/,hello@lesbandits.fr,https://www.lesbandits.fr/,1
https://www.lesbeautesparis.com/,jean.dupont@gmail.com,https://www.lesbeautesparis.com/contact/,2
https://www.lesdeuxoursons.com/revue-de-presse/,contact@lesdeuxoursons.com,https://www.lesdeuxoursons.com/revue-de-presse/,1
https://www.lesfleursdemilijolie.fr/,"(erreur: error:0A000410:SSL routines::sslv3 alert handshake failure)",,15
https://www.lesmariesdelavieenrose.com/accueil,"(aucun email)",,15
https://www.lesombelles.com/,bonjour@lesombelles.com,https://www.lesombelles.com/,1
https://www.letandemdesdemoiselles.fr/accueil/,hello@lesdemoisellesevent.com,https://www.letandemdesdemoiselles.fr/accueil/,1
https://www.letandemdesdemoiselles.fr/accueil/,contact@letandemdesdemoiselles.com,https://www.letandemdesdemoiselles.fr/accueil/,1
https://www.letandemdesdemoiselles.fr/accueil/,charlene@letandemdesdemoiselles.com,https://www.letandemdesdemoiselles.fr/accueil/,1
https://www.letsrockwedding.com/,marie-clementine@letsrockwedding.com,https://www.letsrockwedding.com/,1
https://www.lilaswood.com/,elodie@lilaswood.com,https://www.lilaswood.com/contact/,3
https://www.lisadawn.co.uk/,info@lisadawn.co.uk,https://www.lisadawn.co.uk/,1
https://www.lisahoshi-photographie.com/,hoshilisa@gmail.com,https://www.lisahoshi-photographie.com/,1
https://www.loispoch.com/,contact@loispoch.com,https://www.loispoch.com/,1
https://www.lorenzoaccardi.com/fr/about/,"(aucun email)",,20
https://www.loveisall-events.com/,contact@loveisall-events.com,https://www.loveisall-events.com/contact/,3
https://www.loveishappiness.f/tarifs/,"(erreur: Could not resolve host: www.loveishappiness.f)",,15
https://www.lyloomaloe.com/ils-parlent-de-nous/,maloe@lyloomaloe.com,https://www.lyloomaloe.com/ils-parlent-de-nous/,1
https://www.madecochic.com/,contact@madecochic.com,https://www.madecochic.com/,1
https://www.maison-nans.fr/a-propos/,bonjour@maison-nans.fr,https://www.maison-nans.fr/a-propos/,1
https://www.maldemephotographe.fr/,contact@maldemephotographe.fr,https://www.maldemephotographe.fr/contact/,3
https://www.marcribis.com/,hello@marcribis.com,https://www.marcribis.com/contact/,2
https://www.marcribis.com/,ribismarc@gmail.com,https://www.marcribis.com/contact/,2
https://www.margauxgatti.fr/,contact@margauxgatti.fr,https://www.margauxgatti.fr/contactez-moi/,3
https://www.mariage-a-soie.fr/,contact@mariage-a-soie.fr,https://www.mariage-a-soie.fr/,1
https://www.mariage-etc.com/en-savoir-plus.php,bonjour@mariage-etc.com,https://www.mariage-etc.com/en-savoir-plus.php,1
https://www.mariage-etc.com/en-savoir-plus.php,marie@mariage-etc.com,https://www.mariage-etc.com/en-savoir-plus.php,1
https://www.marie-myrtille.com/,"(aucun email)",,15
https://www.marionfort.com/,"(aucun email)",,16
https://www.marleneberthelot.com/,contact@marleneberthelot.com,https://www.marleneberthelot.com/contact/,2
https://www.mathieubonnaric.fr/,jean.dupont@gmail.com,https://www.mathieubonnaric.fr/contact/,2
https://www.matierepremierelatelier.fr/,matierepremierelatelier@gmail.com,https://www.matierepremierelatelier.fr/,1
https://www.maudbonnard.com/partenaires-mariage/,contact@maudbonnard.com,https://www.maudbonnard.com/contact/,2
https://www.maudbonnard.com/partenaires-mariage/,contact@mail.com,https://www.maudbonnard.com/contact/,2
https://www.melanie-orsini.fr,"(aucun email)",,16
https://www.melaniebultez.com/,mbpixphoto@gmail.com,https://www.melaniebultez.com/contact/,2
https://www.mesplusbeauxsouvenirs.com/partenaires/,aurelia.c.photographies@gmail.com,https://www.mesplusbeauxsouvenirs.com/contact/,2
https://www.mestiteslilis.com/mestiteslilis-on-en-parle/,mestiteslilis@contact.com,https://www.mestiteslilis.com/mestiteslilis-on-en-parle/,1
https://www.mixnight.net/a-propos/,contact@mixnight.net,https://www.mixnight.net/a-propos/,1
https://www.nebbiastudio.com/,nebbia@nebbiastudio.com,https://www.nebbiastudio.com/,1
https://www.noella-wonderevents.fr/,"(aucun email)",,15
https://www.nuancesfactory.fr/,hello@nuancesfactory.fr,https://www.nuancesfactory.fr/,1
https://www.nympheakinds.fr/,contact@nympheakinds.fr,https://www.nympheakinds.fr/,1
https://www.nympheakinds.fr/,nympheakindsmua@hotmail.com,https://www.nympheakinds.fr/,1
https://www.ongi-ceremonie.be/blog/nos-partenaires/,service.client@ongi-ceremonie.com,https://www.ongi-ceremonie.be/contact/,2
https://www.ot-pays-de-collonges-la-rouge.fr/,"(aucun email)",,15
https://www.ouienprovence.com/,contact@ouienprovence.com,https://www.ouienprovence.com/contact/,3
https://www.ouimaperle.com/,ouimaperle@gmail.com,https://www.ouimaperle.com/,1
https://www.pantaiaevents.com/,contact@pantaieevents.com,https://www.pantaiaevents.com/,1
https://www.pantaiaevents.com/,contact@pantaiaevents.com,https://www.pantaiaevents.com/,1
https://www.perraud-ussel.com/,utilisateur@domaine.com,https://www.perraud-ussel.com/,1
https://www.perraud-ussel.com/,tristan.perraudussel@icloud.com,https://www.perraud-ussel.com/,1
https://www.petalesdeprovence.eu/,info@petalesdeprovence.eu,https://www.petalesdeprovence.eu/,1
https://www.petite-fleur.fr/a-propos/,corinne@petite-fleur.fr,https://www.petite-fleur.fr/a-propos/,1
https://www.phaedraevents.gr/press/,info@phaedraevents.gr,https://www.phaedraevents.gr/contact/,2
https://www.photographybychloe.com/publications-photographe-mariage-reportage/,contact@photographybychloe.com,https://www.photographybychloe.com/publications-photographe-mariage-reportage/,1
https://www.plumeparis.fr/,"(aucun email)",,16
https://www.pondicheri-weddings.fr/,pondicheriweddings@gmail.com,https://www.pondicheri-weddings.fr/contact/,2
https://www.pour-loccasion.fr/,contact@pour-loccasion.fr,https://www.pour-loccasion.fr/,1
https://www.psbylamaleta.fr/papeterie-mariage,contact@lamaleta.fr,https://www.psbylamaleta.fr/contact,3
https://www.receptionelles.com/,contact@receptionelles.com,https://www.receptionelles.com/,1
https://www.receptionelles.com/,%20contact@receptionelles.com,https://www.receptionelles.com/,1
https://www.reveriesetbois.fr/,contact@reveriesetbois.fr,https://www.reveriesetbois.fr/,1
https://www.riverfabric.com/,riverfabric@mail.fr,https://www.riverfabric.com/contact/,2
https://www.rosa-eventdesign.com/,tony@ruraweb.fr,https://www.rosa-eventdesign.com/,1
https://www.roudouic.com/partenaires.html,contact@roudouic.com,https://www.roudouic.com/partenaires.html,1
https://www.samanthapastoor.com/,605a7baede844d278b89dc95ae0a9123@sentry-next.wixpress.com,https://www.samanthapastoor.com/,1
https://www.samanthapastoor.com/,8eb368c655b84e029ed79ad7a5c1718e@sentry.wixpress.com,https://www.samanthapastoor.com/,1
https://www.samanthapastoor.com/,2062d0a4929b45348643784b5cb39c36@sentry.wixpress.com,https://www.samanthapastoor.com/,1
https://www.sartistphotography.com/,info@sartistphotography.com,https://www.sartistphotography.com/contact/,2
https://www.saveyourdate.fr/partenaires/,cecile.demonvallier@saveyourdate.fr,https://www.saveyourdate.fr/contact/,3
https://www.saveyourdate.fr/partenaires/,hello@saveyourdate.fr,https://www.saveyourdate.fr/contact/,3
https://www.sbj-decoration.com/,sbj.decoration@gmail.com,https://www.sbj-decoration.com/,1
https://www.scclemence.fr/mes-partenaires/,sc.clemence@gmail.com,https://www.scclemence.fr/mes-partenaires/,1
https://www.scclemence.fr/mes-partenaires/,scclemence@orange.fr,https://www.scclemence.fr/mes-partenaires/,1
https://www.sjstudio.fr/,"(erreur: Failed to connect to www.sjstudio.fr port 443 after 57 ms: Connection refused)",,15
https://www.souslesbranches.fr/,"(aucun email)",,15
https://www.studio-ap2c.com/liens/,info@studio-ap2c.com,https://www.studio-ap2c.com/liens/,1
https://www.studiobalzac.fr/,"(aucun email)",,16
https://www.sweet-life-events.com/a-propos/c-25.html,sweetlifeevents.am@gmail.com,https://www.sweet-life-events.com/a-propos/c-25.html,1
https://www.ulrike-photographe.com/,ulrikephotography@gmail.com,https://www.ulrike-photographe.com/contact-ulrike-photographe-a-vannes-seance-photo-morbihan/,2
https://www.unikday.fr/,mathilde.legars@gmail.com,https://www.unikday.fr/contact-wedding-planner-event-planner/,3
https://www.unio-preparation.com/,contact@unio-preparation.com,https://www.unio-preparation.com/,1
https://www.uniparis.com/pages/presse,votre@adresse.email,https://www.uniparis.com/pages/presse,1
https://www.violette-berlingot.com/partenaires/,violette@berlingot.fr,https://www.violette-berlingot.com/partenaires/,1
https://www.weddingsbymatilda.pt/,letstalk@bymatilda.pt,https://www.weddingsbymatilda.pt/,1
https://www.wildinlovefestival.com/,wildweddingfestival@gmail.com,https://www.wildinlovefestival.com/,1
https://www.wildinlovefestival.com/,605a7baede844d278b89dc95ae0a9123@sentry-next.wixpress.com,https://www.wildinlovefestival.com/,1
https://www.wildinlovefestival.com/,f36cc48fb72b4d298c835f2793cf3b84@sentry-next.wixpress.com,https://www.wildinlovefestival.com/,1
https://www.wildinlovefestival.com/,8c4075d5481d476e945486754f783364@sentry.io,https://www.wildinlovefestival.com/,1
https://www.wildinlovefestival.com/,dd0a55ccb8124b9c9d938e3acf41f8aa@sentry.wixpress.com,https://www.wildinlovefestival.com/,1
https://www.wildinlovefestival.com/,c183baa23371454f99f417f6616b724d@sentry.wixpress.com,https://www.wildinlovefestival.com/,1
https://www.wildinlovefestival.com/,9a65e97ebe8141fca0c4fd686f70996b@sentry.wixpress.com,https://www.wildinlovefestival.com/,1
https://www.wildinlovefestival.com/,ed436f5053144538958ad06a5005e99a@sentry.wixpress.com,https://www.wildinlovefestival.com/,1
https://www.wildinlovefestival.com/,460ff4620fa44cba8df530afde949785@sentry.wixpress.com,https://www.wildinlovefestival.com/,1
https://www.wildinlovefestival.com/,baf30a2b91654c5a840931f0137bed30@sentry.wixpress.com,https://www.wildinlovefestival.com/,1
https://www.wildinlovefestival.com/,0e6a29e4756740a8a63493e912ba2174@sentry.wixpress.com,https://www.wildinlovefestival.com/,1
https://www.wildinlovefestival.com/,88170cb0c9d64f94b5821ca7fd2d55a4@sentry-next.wixpress.com,https://www.wildinlovefestival.com/,1
https://www.wildinlovefestival.com/,79baaa8e09c746d2b7401643b99792e0@sentry.wixpress.com,https://www.wildinlovefestival.com/,1
https://www.wildinlovefestival.com/,98b21aa53d68482b8414e892d9af0e5f@sentry-next.wixpress.com,https://www.wildinlovefestival.com/,1
https://www.wildinlovefestival.com/,8eb368c655b84e029ed79ad7a5c1718e@sentry.wixpress.com,https://www.wildinlovefestival.com/,1
https://www.wildinlovefestival.com/,2062d0a4929b45348643784b5cb39c36@sentry.wixpress.com,https://www.wildinlovefestival.com/,1
https://www.wildinlovefestival.com/,78f7996315bc402f9dcb8a2f974b82d1@sentry.wixpress.com,https://www.wildinlovefestival.com/,1
https://www.wildinlovefestival.com/,271e9fa3230b4eec94b02bf95780f5f2@sentry.wixpress.com,https://www.wildinlovefestival.com/,1
https://www.yeswebloom.com/temoignages/,c3sinteractive@gmail.com,https://www.yeswebloom.com/temoignages/,1
https://www.yeswebloom.com/temoignages/,anthony@yeswebloom.com,https://www.yeswebloom.com/temoignages/,1
https://www.yeswebloom.com/temoignages/,notifications@surecart.com,https://www.yeswebloom.com/temoignages/,1
https://www.yeswebloom.com/temoignages/,hello@yeswebloom.com,https://www.yeswebloom.com/temoignages/,1
https://yanngilquin.com/,yann@ofskinandsouls.com,https://yanngilquin.com/,1
https://zeiphotographie.fr/,zeiphotographie1@gmail.com,https://zeiphotographie.fr/,1
https://zenlove.io/aider-couples/,hello@zenlove.io,https://zenlove.io/contact/cguv/,3
https://zenlove.io/aider-couples/,help@petitbambou.com,https://zenlove.io/contact/cguv/,3
https://zenlove.io/aider-couples/,hello@zenlove.com,https://zenlove.io/contact/cguv/,3
